{"M_Floater":5.6831710497788042E+6,"z_CM_Floater":-42.901274846145064,"I_CM_Floater":6.3538801971844053E+9,"M_Tower":1.5615852818041218E+6,"z_CM_Tower":76.174488413349664,"I_CM_Tower":2.622560807724268E+9,"M_Turbine":1.215E+6,"z_Hub":170,"z_CM_Turbine":169,"M_Ballast":2.4E+7,"Ballast_COG":-98.28248594998287,"BallastHeightindraft":0.05,"DMonopile":20,"Thickness":0.1,"z_Bot":-100.80254969229013,"CM":2,"Cm":1,"CD":0.6,"rho_Water":1025,"rho_Steel":7850,"g":9.81,"WaterDepth":320,"K_Moor":150075,"z_Moor":-50.401274846145064,"fb":15,"draft":100.80254969229013,"MaxThrust":2.5E+6,"B11":600000, "zhub":170.0}